Feature,Chi2_Score,P_Value
supposed,316.61876596369126,2.515834965708355e-68
trump,308.65498019568486,1.331985908463532e-66
serve,225.89100925619974,1.0695229205359373e-48
win,210.1294772911643,2.730232013528736e-45
kamala,181.35782897988278,4.4898435904560136e-39
harris,159.42201398386223,2.442658336509953e-34
kamalahq,149.17697517152618,3.965563741825485e-32
rightful,137.73510840414102,1.1635447458346217e-29
unfit,136.4230896983811,2.2316990328584718e-29
records,131.4689324158713,2.6091689119637e-28
democrats,111.57760544564522,5.021121032665444e-24
supporters,110.07189951016116,1.0589175543179654e-23
medical,102.60155774562341,4.285924036806105e-22
enemy,92.64884583744454,5.909254782979944e-20
release,90.29645672720278,1.8918258667827825e-19
calltoactivism,89.54029902347652,2.749742063471112e-19
support,89.03599160538562,3.5285887297897603e-19
doral,82.00777027902905,1.1384360890137798e-17
donald,81.97710917294314,1.1558123716241732e-17
wins,78.1230915408112,7.754826596675181e-17
truth,77.26700428260519,1.1834113807372888e-16
supporter,76.23703052663078,1.9676632453848769e-16
free,74.99958808408762,3.624055987006771e-16
actor,71.37992627090257,2.161400963444493e-15
like,69.76584013035176,4.790691203350813e-15
best,69.39980198633108,5.738145433479494e-15
onusfinance,64.54689984102158,6.270108943422332e-14
help,63.45527759499704,1.0733087852091216e-13
join,63.418625943080045,1.0928531520412759e-13
dead,59.73892463375262,6.683772385069777e-13
stupid,57.88527901668704,1.6630785692512963e-12
lose,56.772501597474054,2.8739165430217694e-12
insults,56.281427832388594,3.658360112008941e-12
airdrop,55.23347056462107,6.122167081350947e-12
1000,55.14156053233759,6.4049241607126934e-12
lying,54.34643971339208,9.465153760004576e-12
president,54.16874942636373,1.0328240760990985e-11
que,52.06869830527514,2.8957899073914208e-11
personality,51.59437084079186,3.654696570525364e-11
stolen,49.10753617193802,1.2374747263793076e-10
lost,48.934539599565376,1.3469927233875101e-10
assassination,48.78110131394497,1.4522063607699472e-10
jd,47.14600893880248,3.2357264812560317e-10
braggy,46.901189860323825,3.647945333763643e-10
super,46.48802936550565,4.466024133959726e-10
wow,46.261429152103624,4.990093420492437e-10
work,45.376216386426336,7.696742505257869e-10
want,44.471069001905676,1.198573753608406e-09
sent,44.28440452444279,1.313178249819978e-09
supports,44.21846753492436,1.3562253986950289e-09
radical,44.20147089000726,1.3675484058988818e-09
linemen,44.035651235438266,1.4830935271469806e-09
la,43.47889578986921,1.947250735052857e-09
rapist,42.29657455605676,3.470838704808135e-09
lies,41.54342494263739,5.014774132812755e-09
bitcoin4freedom,40.579428008870856,8.02997764563281e-09
great,38.922506619546446,1.802528554907439e-08
275,38.25752042515326,2.4929893185622262e-08
hell,37.446760296468696,3.701277864356151e-08
crisis,36.987491756111496,4.62950405238084e-08
rooms,36.85726916083006,4.93269813050417e-08
hotel,36.8539507965146,4.940677929621678e-08
miami,36.55774608636696,5.707458097158557e-08
le,35.95038288194884,7.67145661129702e-08
dbongino,35.86660685079256,7.99077786003349e-08
voteharrisout,35.749687018500346,8.45873621055376e-08
hate,35.41031722401447,9.977807504608557e-08
karilake,34.94494675420354,1.2513165595227436e-07
plane,34.85811111167958,1.305303874706155e-07
candidate,34.72622503002568,1.3917808661288088e-07
imagine,34.49866008817969,1.5546563281265832e-07
good,34.338601500167876,1.6804863252055835e-07
new,32.66651366324499,3.786867487009432e-07
brutal,32.640629619943844,3.8347610759454773e-07
love,32.589953067246014,3.9302863137369095e-07
endorse,31.870595539939888,5.572625903916577e-07
el,31.487667009247748,6.710250855650382e-07
chaos,31.309877339304773,7.314547121112066e-07
kamalaharris,30.970788661643468,8.62172200900374e-07
prison,30.83432584974634,9.211373289980037e-07
bless,29.431851106034493,1.8170707778714405e-06
ck,29.064668989606684,2.170441029957218e-06
wanted,28.908778794567255,2.3404780688058696e-06
endorsed,28.752087143471048,2.5247824921575405e-06
jdunlap1974,28.74164828306803,2.5375632283033027e-06
elonmusk,28.579007307442616,2.7452365322026653e-06
wray,28.418703220877315,2.966509582154714e-06
capitol,28.080230353480708,3.4938925593760415e-06
ban,28.078741184956137,3.496408298688415e-06
stopped,27.966992546211113,3.690440027789043e-06
hands,27.943503917051373,3.7325705365978616e-06
clinton,27.83480217791615,3.933878583735178e-06
liberal,27.81088159333688,3.979611789664074e-06
refusing,27.64321153096337,4.315414017166805e-06
retweet,27.408116081534565,4.834372662422139e-06
liar,27.355501113081203,4.958789124729522e-06
loses,27.063286075734748,5.7102123762873136e-06
god,26.88174688422597,6.233176003379983e-06
sucks,26.555346304611202,7.296471185095014e-06
social,26.216849019952953,8.590555995505928e-06
insane,26.16809961924246,8.794896279487437e-06
alert,26.126415627363368,8.973460662618074e-06
vance,26.018307508129034,9.453598487971842e-06
mad,25.9537349900733,9.752516612216714e-06
bush,25.89548156922179,1.0030260547622637e-05
worse,25.489609767435624,1.2197081257331908e-05
stand,25.454190692408822,1.2406989898787797e-05
americans,25.31927637816502,1.3240072549596485e-05
attempt,25.232091491159732,1.3807864609651293e-05
district,25.184256269667536,1.4129639872994108e-05
en,24.80692035613873,1.694437958132278e-05
death,24.4622040591354,2.0001482208872788e-05
racist,24.417064266131504,2.044054466161809e-05
threat,24.272213932228855,2.1915391703898632e-05
yes,24.19274273092401,2.2769138552448084e-05
dear,24.025238523264765,2.4678730961322168e-05
harryjsisson,24.0172780795769,2.4773353700255348e-05
straight,23.79756474981215,2.7532672995881595e-05
admits,23.605139916647005,3.01997008132954e-05
republicans,23.361755437370263,3.39447941333044e-05
kill,23.201547616590737,3.665910881598765e-05
schiff,23.190302816502484,3.685755237813919e-05
para,23.090955806781686,3.8657953795821294e-05
stop,22.942082729196947,4.1521233394692134e-05
relief,22.91056138939984,4.2154079982529724e-05
ally,22.709947389284057,4.641318455969825e-05
rallies,22.627570559874567,4.828386012656717e-05
6th,22.484552845669885,5.1711767768363093e-05
moment,22.45184721830342,5.252912788724989e-05
worst,22.300220681098263,5.64898767129167e-05
cnn,22.249902443756255,5.7868949484670557e-05
sure,22.204629539753576,5.9138384219013066e-05
ðÿ,22.063968758085654,6.326216170543534e-05
adamparkhomenko,22.05161629021261,6.36377021021549e-05
bennyjohnson,22.02074386554784,6.458602703344465e-05
supporting,21.817395736388164,7.119395604771611e-05
accused,21.69087208732275,7.564096620936648e-05
usa,21.561872701537872,8.045989607761083e-05
caught,21.193251806599626,9.598184158552883e-05
currently,21.160358397236777,9.750403134912475e-05
failure,21.124256817267643,9.920236896736999e-05
openly,21.101393199720274,0.00010029315262577036
legend,20.99177800616517,0.0001056909020336157
ready,20.72812065611356,0.00011988833074765407
secretly,20.49115464928143,0.0001342608896222406
fuck,20.4667942504209,0.00013583233098220162
penalty,20.32225656839208,0.00014554006884635257
wall,20.309903206081945,0.000146401132241057
responsible,20.29237406390378,0.00014763167280607277
told,20.002065320644522,0.0001695752284505878
played,19.94477698052082,0.0001742746300755035
york,19.932661294018907,0.00017528497454378033
favorite,19.917937737025056,0.00017652064397141276
cities,19.901365333126535,0.00017792185200927609
opponent,19.89249642707088,0.00017867626618651818
disaster,19.86856096410535,0.00018072821362698636
lied,19.800660664540214,0.00018667772480843877
forget,19.66838457357337,0.00019883338411217483
debt,19.64902528794376,0.00020067731579960857
fascist,19.615947329744163,0.00020386738871073045
giving,19.57502623999627,0.0002078837814825635
damage,19.557214924673424,0.00020965646254459636
director,19.266428251255164,0.00024081924692236553
dad,19.1394733794164,0.00025583132293036977
amp,19.09298697821352,0.000261558085837017
created,19.023180482754587,0.0002703981392085253
garden,18.89260020554865,0.0002877400862737974
voters,18.881273398205934,0.00028929552405556
watch,18.779837721742368,0.00030360325116300446
drop,18.561650523782916,0.0003368088433387686
confirms,18.438653882706582,0.0003570947675099699
vp,18.39637177385557,0.0003643454232603126
gop,18.346669581179462,0.0003730559228745707
border,18.152933294560867,0.00040903141541559447
walked,18.09547167549247,0.00042035046745383616
woman,18.080699300176974,0.0004233103857082638
job,18.074480878145145,0.0004245625516026581
released,18.046352650379866,0.00043027273189747404
auto,17.908569400770915,0.0004593658765173732
agents,17.843011305240395,0.0004738872492404202
stone,17.77523472401352,0.0004893799612011756
reason,17.754314246771752,0.0004942630147605926
kavanaugh,17.731709898708903,0.0004995935602231171
weak,17.529971475194547,0.0005497711056736085
thank,17.442649058608286,0.0005730151293898623
putin,17.441689450149138,0.0005732759160999654
rt,17.41561395135277,0.0005804076259951071
better,17.14510351268226,0.000659800189767822
getting,17.040434415150564,0.0006933376930631666
room,17.021428734208534,0.0006996066362849466
safe,16.997046117038813,0.0007077316891184552
called,16.908164951199694,0.0007381515984385781
admin,16.89876607163538,0.0007414433987276114
internal,16.719569219814716,0.0008070695040896054
hates,16.7130273696691,0.0008095714783046515
senate,16.63212735481007,0.0008411565461130832
2024,16.552368763397872,0.0008734938996532306
nicksortor,16.445592551859487,0.0009187263522860125
wrong,16.438443647247656,0.0009218365533479306
weather,16.262116123926305,0.0010019485431456252
protect,16.206576359776204,0.0010285864555584165
madison,16.173376246943494,0.0010448445034354076
ends,16.16808156266124,0.0010474607934122962
war,16.031721324401193,0.0011171288328743062
friends,15.980187545889681,0.0011446397115857916
announced,15.960560562949762,0.0011552934004587668
shit,15.907458333989016,0.0011846138259305101
nevada,15.86813451408496,0.0012068015382573135
said,15.86343531833781,0.0012094804169627878
nation,15.812056744003366,0.001239157850085236
amuse,15.804043727970345,0.001243851070922482
es,15.644984141183713,0.0013407509295876522
leading,15.615736325158668,0.0013593675893174906
case,15.614665632490869,0.001360053947599653
fake,15.609313126535806,0.0013634902869195207
fbi,15.591198110953737,0.0013751842968258749
happening,15.52148614832352,0.001421122437504081
dems,15.51578263563276,0.0014249476072735554
business,15.471590634102439,0.0014549342243895152
victims,15.242890401730158,0.0016204180817863717
alive,15.161056290673468,0.0016840615777706184
il,15.142140954507632,0.0016991216453040826
asks,15.142140954507632,0.0016991216453040826
years,15.13444550166038,0.0017052868049637672
chief,15.093273887499917,0.00173865013106508
report,15.008958647951314,0.0018090091659137683
decision,14.945431188313101,0.0018638805581777827
posted,14.855905763962674,0.0019440209589553178
share,14.823933089069518,0.0019734625468792785
debate,14.810028902845524,0.0019864036027921095
helping,14.752229910519326,0.002041107173146317
laken,14.678006707273209,0.0021135517227932462
migrant,14.670731802722683,0.00212078805499873
100k,14.63122304733427,0.0021605185022186505
jobs,14.619200179631504,0.002172754670035696
shared,14.574846495073906,0.00221849256945526
colbert,14.566304648755903,0.0022274100089616873
30,14.555670520283948,0.002238561412801767
million,14.492059681449875,0.002306431866869334
https,14.49025106477554,0.0023083911342494418
numbers,14.417735563149733,0.002388321253411193
guard,14.373572868202569,0.0024383376381041425
page,14.299202828337462,0.0025249225647090497
walz,14.21606473220351,0.0026253274302738073
criminal,14.183290133349836,0.00266598768209595
los,14.107147321741294,0.002762875902265109
soon,14.075253192725459,0.002804489328413942
les,14.04880918340396,0.002839462322842884
se,14.04880918340396,0.002839462322842884
learned,14.028689383131397,0.002866360560591089
finally,14.028689383131397,0.002866360560591089
man,14.002189409200824,0.0029021741279780127
guys,13.992276382142508,0.0029156848116637353
promises,13.881310481468816,0.003071242765294983
deleted,13.876272248157358,0.003078497524622159
tape,13.67643290037048,0.0033803638828034392
fox,13.652738967989004,0.0034180447135148174
mtgrepp,13.65055126077176,0.0034215447672150496
detroit,13.594346783232275,0.0035126919966262846
wo,13.550467734949985,0.003585518975887541
politics,13.504321179847997,0.0036637228380969737
arizona,13.453914388713597,0.003751077550803585
voted,13.351253731011267,0.003935415403857119
changed,13.314918846462453,0.004002784595665102
wife,13.273231298345353,0.00408148562153692
dangerous,13.20697094064685,0.0042097407715593555
ronfilipkowski,13.134087050185327,0.004355427312525918
happened,13.126952596609675,0.0043699536384441745
way,13.112407058396322,0.004399718235578588
laptop,13.086552972588054,0.004453119664904441
tells,13.059081834336093,0.004510564099481615
saying,13.025856284258559,0.004581022078293082
presidential,12.986267062642302,0.004666398015345176
tim,12.981538806917499,0.0046766993865924615
ago,12.81160123089671,0.005062259048295318
kremlin,12.809470557767412,0.0050672875434519425
milton,12.802468873486044,0.005083846692648431
fraud,12.712065060483152,0.005302522763135898
mitchellvii,12.703295650947714,0.00532422358200729
jackposobiec,12.615014903780274,0.005547635972007263
leaders,12.573114761162048,0.005656892835682437
omg,12.572824923307277,0.005657655965455916
phoenix,12.537864519242957,0.005750455752130707
covid,12.493675624784078,0.005869908024608524
taylor,12.488884960225544,0.0058830047385091625
thought,12.456343623660452,0.005972734065267058
think,12.368683446357236,0.00622123506849526
stephen,12.365611760135677,0.0062301256412963585
house,12.343920334834527,0.006293266986277913
person,12.331369122114527,0.0063300906474589805
young,12.31572689939679,0.006376281170751424
obama,12.308991106740233,0.006396274024747227
high,12.223771029710115,0.006654634864852087
post,12.134322140602723,0.006936911744017183
fema,12.11497964462366,0.006999490095096847
boloudon,12.113158169019215,0.00700541173258643
beat,12.077198461005562,0.007123335841398084
mother,11.986905270003932,0.0074281523933495365
realtrumpnewsx,11.98050797213132,0.007450231095804062
immeme0,11.974749906361946,0.007470159070401661
defense,11.969369896141929,0.007488826217043656
convicted,11.955772826325408,0.0075362099191193235
attack,11.886396893661857,0.007782623177202549
decline,11.858334180740238,0.007884543283128735
thoughts,11.850590108408042,0.007912900060241089
video,11.720413166512458,0.008404930647610262
following,11.681546299158704,0.008557606680945457
article,11.613824970091816,0.008830196475155842
election,11.525841966288604,0.009197177570697837
sh,11.48620680928968,0.009367376828302744
trumpdailyposts,11.464917165094741,0.009460076992709574
businesses,11.422279205801779,0.00964846303755779
tell,11.38615378682903,0.009810967900156536
cargo,11.38466946179657,0.00981770235945706
lol,11.36560732607463,0.009904594679312753
joe,11.343109295491804,0.010008125618790435
days,11.330769486623904,0.010065363277867518
rant,11.30646565333554,0.010179041464946255
attorney,11.29395007282771,0.010238074606849296
charged,11.29395007282771,0.010238074606849296
losing,11.275372554628412,0.010326323695436025
brought,11.234280835133617,0.010524196196620206
5th,11.222712717358716,0.01058057254917869
victorshi2020,11.168517585053241,0.010848679574373072
friend,11.160501262332838,0.010888901503754107
carolina,11.147562346361557,0.010954132991129878
des,11.121581325738925,0.011086282015567337
mmpadellan,11.057527739361163,0.011418833935567968
economy,11.019127244283435,0.011622895670494297
looking,10.9954095060376,0.011750724030959838
daughter,10.929402575291848,0.012113812344666951
destroys,10.910675362689988,0.012218824663934064
team,10.905533648433284,0.012247813311068187
bullshit,10.832532421448242,0.01266677529043903
state,10.8262089419588,0.012703724059197976
turn,10.810440487356612,0.012796324008320923
officially,10.742706227936447,0.013201713372539512
freedom,10.710893864276581,0.01339645094299929
gangs,10.70695567232984,0.013420754311325077
host,10.686941521248364,0.013544938349264185
newsmax,10.6683659073989,0.013661208803005682
elon,10.666684650419677,0.013671780685675207
trying,10.645985589323212,0.01380260017052152
victory,10.622519867053768,0.013952396386153018
based,10.603633638654564,0.014074120582567684
takes,10.462627108598843,0.015016573964501581
nearly,10.424672985453116,0.015280687463848301
jail,10.39227085714872,0.015509779463795777
pushing,10.332332827757302,0.01594250084497811
maga,10.309926086096985,0.016107297886263798
44,10.270430672370082,0.016401868866287698
got,10.24672473580366,0.016581214553678773
democrat,10.238154019360813,0.016646529369518246
acyn,10.228698074260064,0.01671888388267681
signs,10.20144407463814,0.016929159626519173
night,10.197533626236998,0.016959542932076403
realdonaldtrump,10.17404513440636,0.01714317497451959
abortion,10.170194899445997,0.017173461907299462
involved,10.164300276788893,0.01721993249206775
diaper,10.164300276788893,0.01721993249206775
sending,10.1366450017991,0.017439610608485867
donwinslow,10.110953842004687,0.017646154709922764
square,10.065221027641785,0.018019791431646934
johnson,9.973894068133854,0.018789353908936664
polls,9.960204083157635,0.018907462040091073
dollars,9.909057695824457,0.019355208892441248
government,9.893201732725878,0.019496119265145256
stranded,9.892895763689939,0.019498848270441592
gets,9.874419209707385,0.01966434222993781
term,9.8206610718938,0.020153740324305378
say,9.819917949783552,0.020160588637661216
cut,9.810549739388323,0.020247118575238594
tonight,9.79367867195225,0.020403869987586743
speaking,9.777143400033257,0.02055865785136457
water,9.767435665555965,0.02065006933182122
week,9.762982829771726,0.020692132244916162
start,9.727276495194506,0.02103248216364433
democratic,9.72047887213296,0.021097896635832992
inflation,9.675179504554967,0.021538948729934906
spent,9.62959471519733,0.021991914626878162
daddy,9.62940168113234,0.021993852506897494
stealing,9.627552532339294,0.02201242471319298
tried,9.618253160640974,0.022106057990785324
father,9.60284073454908,0.022262103836318006
governor,9.515698424445107,0.023164940659898645
agree,9.50029678554575,0.02332820334060084
jdvance,9.496597390313518,0.023367586048286027
reading,9.470604976962019,0.02364613905993519
musk,9.435862689848822,0.024023554158542154
scaramucci,9.380279751398547,0.02463968933682116
possible,9.307471721245783,0.025470256221548956
easy,9.293754282567303,0.02562978428233848
seeing,9.279350479571477,0.025798348734342468
event,9.213234055069263,0.026586140878182746
judge,9.212784689298323,0.026591575023466704
sick,9.207645145217532,0.0266538046045748
mjfree,9.177518244378607,0.027021461473878454
thinks,9.153103352819329,0.027323052619862138
intelligence,9.150970482603608,0.027349555546057773
shame,9.047380680537138,0.028667522457718225
et,8.992655198407784,0.029388699232166877
milley,8.949948817512592,0.02996379927985759
matter,8.945616802306619,0.030022747604988097
james,8.938497699901887,0.030119868157314492
violent,8.933234829034653,0.030191863184649986
day,8.902577871973921,0.03061460484694809
felon,8.857754010449911,0.03124314534870462
department,8.831316970640735,0.0316197592379719
lives,8.828537286720843,0.03165961487482324
est,8.813373133070625,0.03187790835019207
fine,8.788534918236088,0.03223864856320651
fucking,8.788094244780268,0.03224508464405554
use,8.755682014554345,0.03272193029387917
according,8.700456475533006,0.033550336645165914
come,8.686837579826616,0.033757757361903416
attempts,8.65731680345376,0.034211683042611116
morning,8.623941625886205,0.034732063941083045
opening,8.605573916230524,0.03502174285044866
play,8.60528499890624,0.035026318204019004
covering,8.604117864506394,0.035044807129316354
continues,8.573086071803493,0.03553990405686003
dictator,8.57043338373506,0.035582542102808326
hitting,8.57043338373506,0.035582542102808326
landslide,8.566906443465474,0.03563930987998036
chance,8.549548736584578,0.03591998237095497
perfect,8.539743331475117,0.03607948823768233
2020,8.53811858625193,0.036105984938148615
supplies,8.535641794067176,0.03614641359088171
workers,8.52715326643376,0.036285307541839965
north,8.482842560777412,0.037018850711300295
shows,8.48096197844162,0.037050301199152466
biggest,8.44802829450235,0.03760532655376996
ass,8.442200853771183,0.0377043772402421
stern,8.397486992653633,0.03847291489630187
george,8.388911791884713,0.03862204258635706
leads,8.321383316369566,0.03981628428133577
arrested,8.251047159141846,0.04109848106693841
white,8.246143091304338,0.041189367055666136
10,8.23494351761551,0.041397661966533585
liz,8.191453894204535,0.04221628655541794
conservative,8.170146365806435,0.04262310850524043
interviews,8.154989753442214,0.042914815775237744
iran,8.10663603475846,0.04385850969679638
die,8.044630570334379,0.045098275502389124
largest,8.026664317534653,0.045463836969566435
evidence,8.023104958033917,0.04553660151212951
looks,8.007827162887956,0.045850218496214845
hold,8.003883449578879,0.04593151463719366
mikesington,7.913556353219792,0.047832429688424376
press,7.889858106938141,0.04834370482643218
winning,7.886115007309966,0.04842494485400551
club,7.867973554077068,0.04882057232261327
na,7.794803680537323,0.05044842450689736
comments,7.7833114933062735,0.0507088498744021
hope,7.776268526363476,0.05086909686428169
oh,7.730389560041615,0.051925089028362556
viral,7.726954663550825,0.0520050018333427
abc,7.650224660463617,0.05382161244415742
hey,7.630625082808644,0.054295439227912225
mean,7.627156931815336,0.054379704023878435
thousands,7.595077448269605,0.055165178164142174
hiding,7.528687916814768,0.05682590037126036
middle,7.502044275149277,0.05750594906074243
power,7.48579590468445,0.05792454131721371
thethe1776,7.384244873469098,0.060608492303604
reach,7.380967548794687,0.06069708988169899
democracy,7.368245540887213,0.061042202000529316
dropped,7.365186694448296,0.06112546319905293
charliekirk11,7.3634587117159445,0.061172547217665636
sounds,7.361937141047416,0.061214036044224096
wallstreetapes,7.336173505374348,0.06192069198809078
party,7.313203374634132,0.06255739061936653
appears,7.312510652519704,0.06257669011398324
damn,7.309398760660154,0.06266345979417604
broke,7.305836476359598,0.06276293104672719
single,7.304534421424683,0.06279932708700549
open,7.29563127417893,0.06304874343783372
ca,7.273727130157572,0.06366646834324105
people,7.261856545017018,0.0640036802785476
history,7.236870745872598,0.06471912474679575
read,7.236283925571336,0.06473602055606863
appeals,7.176387115163775,0.06648323631746317
different,7.175782682363511,0.06650109851295834
men,7.158387430679787,0.067017158606063
family,7.136979880612155,0.06765757341106939
secretary,7.13616930710514,0.06768193804523362
clear,7.13447303122762,0.06773295306025137
claim,7.125171646628724,0.06801335179308968
lindyli,7.110694356689892,0.06845201926963125
mark,7.063166026309684,0.06991147691306444
exposed,7.056775770058161,0.07010998432264193
voter,7.054469317017597,0.07018176596660373
let,7.0536184034337905,0.07020826612323254
polling,7.025264645683665,0.07109684711452019
vladimir,6.993656381603543,0.07210024027128686
tests,6.991429973024632,0.07217143061148631
joncoopertweets,6.9860509122861645,0.07234370882342833
remember,6.982628202243084,0.07245353675884193
claimed,6.9749541066278065,0.0727003692424102
including,6.967360167535533,0.07294542350069413
feel,6.963280962465188,0.07307738768208315
35,6.9446783191811745,0.07368212256652315
visited,6.9446783191811745,0.07368212256652315
life,6.92533744202355,0.07431598213933441
hurricane,6.898618613029482,0.07520031126722164
load,6.88007565674594,0.07582000402862016
paid,6.865161210177467,0.07632201000325876
know,6.856389156332778,0.07661876619299911
need,6.835669427741319,0.07732413859821527
howard,6.8053883514530344,0.07836629814667541
military,6.795671856584793,0.07870356605432079
bible,6.794506207295603,0.07874412070954599
elected,6.732004696020243,0.08094840841723186
crime,6.730997588781265,0.08098440944074355
catturd2,6.692760954086131,0.08236272997651276
interview,6.684450296882948,0.08266528278196168
age,6.673329489853561,0.08307181631940808
marionawfal,6.6606819655314,0.08353650232582346
class,6.6594827128130465,0.0835806941650124
epic,6.658136883008595,0.0836303141173232
immigration,6.650203183842482,0.08392340227481974
completely,6.630118008089461,0.0846698229745585
ny,6.615865188542099,0.08520337186689038
biden,6.611610524099083,0.08536327022179542
lead,6.586642492776532,0.08630745583799788
russian,6.5832308271488005,0.08643724891688642
shot,6.573046093462509,0.08682583473544978
kanekoathegreat,6.563548919953169,0.0871897023797193
true,6.562455379926047,0.08723169357313737
center,6.56077520672179,0.08729624901432798
past,6.559278683967176,0.08735378697395588
united,6.556203529198161,0.08747213440036264
nc,6.549808800276423,0.08771873004893653
given,6.538538146159315,0.08815498238041153
100,6.523069905119463,0.08875711058809649
secret,6.5080526944179855,0.0893454660386469
15,6.500751647989768,0.0896328655628665
community,6.4910439489702405,0.09001637844898867
town,6.462587507543491,0.09114969493086722
foxnews,6.4606012996442175,0.09122930852536783
held,6.455026091229998,0.09145313816514704
month,6.44963245664853,0.09167018049096315
live,6.4404133497516005,0.09204230858935282
28,6.429967730093774,0.09246569940900179
folks,6.408819861788472,0.09332862105771313
instead,6.408225772558038,0.0933529737883802
save,6.398380866253919,0.09375742331583327
points,6.370805533652413,0.09489925718454598
mainstream,6.365793337411327,0.09510823072144738
fact,6.343757604271239,0.09603222049785044
kits,6.327241917769111,0.09673039125807739
lady,6.283877776074943,0.09858679877363342
barackobama,6.249559355225612,0.10008014429133992
members,6.133854120962702,0.10527646139960982
make,6.127312286792444,0.10557784623017313
40,6.126004220473762,0.10563820838374988
listen,6.100970890624252,0.1067997855875371
literally,6.081472336978171,0.10771300220409978
knew,6.080136173538086,0.10777585437756239
loathsome,6.078461840218725,0.10785466336357859
latest,6.078461840218725,0.10785466336357859
talking,6.061971320470679,0.10863380517764898
bad,6.029605857605619,0.1101786864072905
probably,5.9684397267219005,0.11315583763678984
run,5.925603256424562,0.11528642557362784
union,5.923540256605205,0.11538999542169727
hall,5.8475214213484685,0.11926894217266906
minute,5.832375716213612,0.12005648831298071
worth,5.830966392115068,0.12013002197243582
control,5.82590004940011,0.12039472104683381
showing,5.824564186840211,0.12046460788368493
disastrous,5.812808108822672,0.12108130758848097
propaganda,5.812808108822672,0.12108130758848097
major,5.808740180019984,0.12129540276376283
dying,5.793348209948513,0.12210875242844806
tonyxtwo,5.7894961896079105,0.1223131143327543
vice,5.788813560186206,0.12234936396837305
smart,5.775787980146664,0.12304302499964458
hundreds,5.771741706379734,0.12325926588739322
mike,5.770879908117532,0.12330536883522329
john,5.765630084054385,0.12358656957614624
sitting,5.760379822687742,0.12386840458462722
telling,5.751379207595777,0.12435298401473006
close,5.74555708082146,0.12466739947026516
gon,5.7366815963212865,0.1251481640017772
really,5.7337595724156465,0.1253068291681217
cognitive,5.693553026990689,0.1275095715593337
rogan,5.674511923385544,0.12856556081649803
seen,5.647492906272725,0.1300782763258902
talk,5.646791202144968,0.13011778724554401
near,5.623563586977802,0.13143212431864618
general,5.608808862293382,0.13227356438081087
israel,5.608118819560538,0.13231304151034734
story,5.550252280065312,0.13566367914759553
view,5.545071286343722,0.13596757078113833
ask,5.537563999669633,0.1364090577671541
swing,5.535306719888043,0.13654206918570796
butler,5.528763869680581,0.13692830579053122
pandemic,5.5133773870048675,0.1378406872750469
long,5.4925416849286215,0.1390853883639372
followers,5.482604535465514,0.13968276874585114
city,5.458012487191395,0.1411716152391643
msnbc,5.456622615426485,0.14125620795474456
watched,5.44938175228555,0.1416976909737196
yeah,5.443636816112557,0.14204889543458005
american,5.43137760425771,0.1428010953105712
projectlincoln,5.426847962900915,0.143079977968346
rpsagainsttrump,5.413444823067641,0.14390821143089474
rich,5.397417524429693,0.14490456112737823
forgot,5.375422044929109,0.14628255949747201
project,5.367029668503415,0.14681159527315144
try,5.360647214733403,0.14721514120958643
book,5.357155102608577,0.14743638217778052
federal,5.355795293845324,0.14752261719314502
ukraine,5.346038470070851,0.14814276619124433
violence,5.313650788656085,0.1502190606297455
heard,5.279406879637748,0.15244424274401888
gave,5.254643720333322,0.15407271524166152
voting,5.249630545567167,0.1544043835059845
billion,5.237851550476739,0.15518632703424015
interesting,5.2350418374304635,0.15537339974787284
loaded,5.2350418374304635,0.15537339974787284
act,5.227304680686364,0.15588964530889732
small,5.193138325068128,0.15818872831499292
occupydemocrats,5.182793469719203,0.15889112239608807
october,5.177189506499664,0.1592728460631115
dementia,5.134584492831024,0.1622033381350881
rfk,5.134584492831024,0.1622033381350881
documents,5.116690061683379,0.16344924257337987
thinking,5.115809186974701,0.16351080568771145
wonder,5.114296984917837,0.16361654227858521
funny,5.100724259718902,0.16456846215828075
aid,5.082116686065493,0.16588196881243183
member,5.082103285220997,0.16588291831928034
nazi,5.082103285220997,0.16588291831928034
standing,5.078935009008118,0.16610754764792843
pay,5.0762000491037,0.16630168500954212
leadingreport,5.063567893648601,0.167201132118564
care,5.0387410870616485,0.16898221269052432
congress,5.035717362636711,0.16920034888190674
came,4.989072378890869,0.17259906943046666
problem,4.974615070425715,0.17366541868919405
california,4.970047552029237,0.1740035944124407
cheney,4.94907623105834,0.17556423693376844
barack,4.935019255143173,0.17661766260682865
response,4.910707177224552,0.17845359354974963
administration,4.907578652205808,0.17869113845534582
investigation,4.899711832887717,0.17928976487802162
killed,4.896651583925916,0.1795231416620061
patrol,4.894025560380534,0.17972363077811887
january,4.891090089812612,0.1799479933286124
home,4.890617680165377,0.17998412480779424
staff,4.882974679544798,0.18056963156430164
times,4.811629943288078,0.18612171876501377
acnewsitics,4.787415399073387,0.1880420834663729
gaza,4.780049961171053,0.18862986761351913
immigrants,4.776085006627561,0.18894699247108893
powerful,4.700164114631649,0.19511603602081487
lauraloomer,4.687145037664273,0.19619258076970575
america,4.681987559392661,0.196620578616701
pa,4.674001611770667,0.19728501424973086
order,4.673369417920313,0.19733770230417047
word,4.637960047368152,0.20030976073759868
policies,4.626709620414763,0.20126273377253934
says,4.6007495559218,0.20347779040664088
longer,4.582651029876071,0.20503542561682164
hodgetwins,4.576981026366935,0.20552568178927588
stay,4.576152751604717,0.20559738944587438
24,4.555633998140227,0.20738122063118467
bibles,4.55157046730498,0.20773618850416226
race,4.545411413207393,0.20827528384845645
cia,4.5402057816195125,0.20873193801439294
colorado,4.535176021291762,0.20917404544108942
facts,4.527008928201634,0.20989376774077736
states,4.508240020694558,0.2115564728965652
calls,4.495664299768553,0.2126773481130344
total,4.493887205144167,0.21283618321550288
second,4.47449995346216,0.2145761424933439
making,4.473021016755325,0.2147094121496051
incredible,4.461745702323578,0.2157279698975937
foreign,4.4396077742696525,0.21774080871037488
message,4.431137737151822,0.21851550530479125
world,4.421842953270788,0.21936856446609343
knows,4.4034584403553785,0.2210649236032271
question,4.40335678263717,0.2210743372316994
michigan,4.363879858559913,0.22475802304766904
flag,4.363155355758046,0.22482615372294382
human,4.354080382196186,0.22568115776758377
ad,4.332877746199446,0.22769046008047622
reporter,4.318091449392361,0.22910143827799168
money,4.317529788931301,0.2291551928057391
able,4.30322300373233,0.23052836128276358
private,4.293196414799338,0.23149521977391788
larry,4.293196414799338,0.23149521977391788
regime,4.291221056369568,0.23168614139660676
exactly,4.288308675923133,0.23196789165936688
recent,4.278332501058471,0.2329353970126861
2016,4.275472685576216,0.23321342926517244
allow,4.267545699141969,0.23398568750924484
47,4.251179749138302,0.2355875134075429
unless,4.251179749138302,0.2355875134075429
piece,4.232837013981643,0.23739477170018652
gunthereagleman,4.205663982253256,0.24009542467066272
opinion,4.205598443135258,0.2401019723143485
pro,4.165657021616945,0.24412283948062768
rbreich,4.156782928266075,0.2450245084502469
national,4.100201673994301,0.2508454639662038
boat,4.098130685641539,0.25106089728274245
atrupar,4.0828569486233235,0.25265495585291875
things,4.082617991220667,0.2526799680075651
sorry,4.050064766984305,0.25610854043695025
classified,4.0440641580971946,0.25674514044259245
nytimes,4.0440641580971946,0.25674514044259245
test,4.039865916516496,0.25719138429618865
means,3.987025731255077,0.26286852901268715
pennsylvania,3.9827094262717444,0.26333726270645325
sign,3.9170818135297343,0.2705581225538081
took,3.9109917051094394,0.27123720941512874
company,3.890971111272564,0.27348050951575287
waiting,3.890971111272564,0.27348050951575287
children,3.880929736916486,0.274611941965461
blame,3.853240633883127,0.27775379153072693
defiantls,3.8491713822941627,0.2782182471854412
allowed,3.8069230501175744,0.28308189020957264
months,3.782785118633332,0.28589487009164577
understand,3.777872373244155,0.2864704573793043
words,3.774177103336973,0.2869040883748436
podcast,3.770459793639322,0.2873409002797568
office,3.7514776014830438,0.28958077105164315
machines,3.747554918475549,0.29004558999317104
mehdirhasan,3.731161965996871,0.2919953219239242
county,3.710733900507858,0.2944414053396377
treason,3.705117522724719,0.2951171243046674
massive,3.697990402414788,0.2959766009044164
florida,3.6873420139202002,0.2972648857498741
saturday,3.6730788014243454,0.29899835666364755
meidastouch,3.6592119993507324,0.300692297341428
ordered,3.6592119993507324,0.300692297341428
doj,3.6479771943456987,0.3020709917442268
funding,3.6291110668129853,0.3043988548621136
plans,3.6182460405086365,0.30574671267178827
leave,3.6083811082109594,0.30697510215803403
campaign,3.605170282798876,0.3073758626958862
manufacturing,3.604629509809185,0.30744340526815284
testing,3.5858492947172853,0.30979725537193414
send,3.5819610010981107,0.3102865971347948
college,3.5798877868355805,0.3105477916087223
republican,3.5718120834414617,0.31156707330962236
blue,3.558378883537821,0.3132691329457745
misinformation,3.5472765266724826,0.31468207967319106
rally,3.542012974337765,0.3153539192538022
working,3.5322168947354298,0.31660767334241874
parade,3.5272346585087986,0.3172470174843247
check,3.5011474197976598,0.3206133347956511
request,3.448210392955338,0.3275414379145995
pour,3.448210392955338,0.3275414379145995
clearly,3.411889687537429,0.33237080977024375
line,3.409035208025853,0.3327529925660277
thing,3.4008362645407204,0.3338528847527382
20,3.35600952246127,0.3399229303049075
retired,3.347611391592514,0.3410708093742405
leaving,3.3229276943751986,0.34446426380596284
electoral,3.3199380811974835,0.34487726169381105
holy,3.3159806361616284,0.3454246238781893
guy,3.3087228714749424,0.3464304275170991
weird,3.2969212312486214,0.3480713819428769
lot,3.2628391838074813,0.3528483172287593
presidency,3.239594042161578,0.3561389029411816
desantis,3.239594042161578,0.3561389029411816
basically,3.227513045614999,0.35785956591172213
collinrugg,3.2021177016843665,0.3615000129275897
far,3.199418504991077,0.3618888196371588
look,3.1854432144349083,0.36390767103141586
justice,3.17715995469165,0.36510883691789986
gone,3.1716712372343125,0.3659066428876636
hours,3.169779333514985,0.3661819859648039
china,3.165835928844748,0.36675647288413443
entire,3.158186971858055,0.36787300703758313
away,3.1223488070254737,0.37314336593050573
donaldjtrumpjr,3.120559906836575,0.3734081302590104
keeps,3.1189361071155988,0.3736485984393995
stage,3.114364866616596,0.3743262651580009
defiyantlyfree,3.0786240206235105,0.3796610420954747
hard,3.0677945537608515,0.38129024217473606
showed,3.031669398432319,0.3867681048241801
desperate,3.011927246001396,0.3897898827144529
wait,3.0077552439264057,0.3904310150363468
scandal,3.0071866031729027,0.3905184700582903
comes,3.004339859089095,0.39095653923035567
asked,2.979755370123974,0.39475704344060025
calling,2.971891580797908,0.395979275641693
latino,2.9414173194463284,0.4007459453668093
genocide,2.931140032309935,0.40236433271859673
women,2.9095035028960825,0.40578943561186376
wants,2.9004317593490825,0.40723276629697314
2025,2.89195929044097,0.40858463085713315
melania,2.883526715078298,0.40993385530449244
bus,2.881789870518023,0.41021221497168925
aurora,2.8490993902350725,0.41548093174608725
breaking,2.848946890179395,0.41550564162072723
votes,2.8415166102562672,0.4167110657575066
illegals,2.837467602069424,0.4173691646951325
huge,2.8206716871752224,0.42010828493725727
majority,2.8073597660950433,0.42228980112413284
media,2.8007907136835652,0.42336976804517223
place,2.7898972218078644,0.4251657156459392
cost,2.76171013527781,0.4298419584816945
started,2.758349650411974,0.4304022783647481
public,2.7340157374235314,0.43447759265259367
libsoftiktok,2.727098427352246,0.4356418259913558
reports,2.7268061165389694,0.4356910802235584
right,2.718902935075745,0.4370244909000566
black,2.7161992112181057,0.4374814239199246
traitor,2.6788263252764413,0.44383753921192526
music,2.6788263252764413,0.44383753921192526
attention,2.6726981867657162,0.4448869077234905
using,2.664690905232414,0.44626109199243136
health,2.6644877969046252,0.44629599354241944
cbs,2.6505428118867163,0.44869755653127763
mind,2.6468703983551527,0.4493317463227039
important,2.605763430131667,0.45648003892571554
idea,2.5945957606138665,0.4584377676544119
nypost,2.569279444270549,0.46290072815107164
12,2.5679548600566444,0.46313518946949006
illegal,2.5436630082668414,0.4674518529577013
totally,2.540370328294264,0.4680394192618088
hillary,2.538484039807692,0.46837628470062653
needed,2.5334286447018473,0.46928005931682526
citizens,2.522567578042524,0.4712264191364658
running,2.5132882770785985,0.4728943801308402
kylegriffin1,2.4993492092910845,0.47540870727830875
time,2.494528197420358,0.4762807722871969
journalist,2.490738655794911,0.4769671410119175
little,2.4518102898345577,0.4840630246166935
wearing,2.4487937040393275,0.4846163227908168
behizytweets,2.4283480578905365,0.48837945677377814
answer,2.4021492336312376,0.4932346689430419
weeks,2.3956024085058996,0.49445375797074664
zero,2.3857169434482355,0.4962989471175221
univision,2.377519230030706,0.4978331297290375
going,2.3623097835296942,0.5006892033344039
baby,2.3596107336221657,0.5011973502716056
actual,2.358879637833642,0.5013350608504732
poll,2.357573614697776,0.5015811380070596
record,2.3568153894465507,0.5017240431098449
believes,2.3394664717458693,0.5050023692946863
georgia,2.3363785884865504,0.505587580412584
jill,2.336248187116821,0.5056123052680599
service,2.331819675390754,0.5064525241081308
cover,2.304995401265681,0.5115645962695647
spoke,2.3007985948024823,0.5123679346767638
heart,2.296545399061218,0.5131830398545372
maddenifico,2.2908942184541763,0.5142675771684844
deep,2.281133162170565,0.5161449248129995
confirmed,2.2481193037262135,0.5225326598588373
nyt,2.2440881644031725,0.5233166625326884
patriots,2.2440881644031725,0.5233166625326884
end,2.2335103423743505,0.5253780743927507
year,2.2201089566531116,0.5279984024543476
stein,2.2188228022742345,0.5282503885108636
asking,2.213071055231703,0.529378372002288
court,2.1883976997817394,0.5342372766824299
went,2.1604548300981747,0.5397794778558589
false,2.1416890320560737,0.543524936475168
face,2.135232608999634,0.5448179164489091
texas,2.124813753628899,0.5469091065042968
special,2.119818809778508,0.5479137005176431
putting,2.0912908782446777,0.5536766864231051
constitution,2.072621911794542,0.5574713630042551
starts,2.0694294192297225,0.5581221145111197
comment,2.0596240895513773,0.5601241701682402
happen,2.050185349302219,0.562056151698793
vote,2.0423445680644496,0.5636646088141013
list,2.0420148642631712,0.5637323148377018
mental,2.0385352119015208,0.564447222865754
change,2.0323712353677115,0.5657151915148568
left,2.013024013395647,0.5697079271794716
break,2.011004457761852,0.5701258326606886
sheriff,2.0029927161194845,0.5717857874447607
bring,2.001525604406453,0.5720901199492983
wisconsin,1.9935128656275385,0.5737542247432061
security,1.9878375757733984,0.5749348950714008
trumpwarroom,1.984593476971268,0.5756105362187693
goes,1.9797754392201274,0.5766149817336261
60,1.9734741771948783,0.5779304520551765
crazy,1.967178213669337,0.5792468596790996
political,1.9588086498950659,0.5809999876384959
claims,1.9568324363422356,0.5814144594942008
lie,1.9441394834380343,0.584081326104327
sunday,1.939926044271227,0.5849684167300977
gov,1.9124068266695657,0.5907844953917405
reporting,1.904957758157099,0.5923654291825742
continue,1.8856272145295225,0.5964810386331565
living,1.8809206662736178,0.5974859356467079
clips,1.8702113301630965,0.5997766167155516
big,1.8554377244902098,0.6029460015741419
questions,1.8534060065623104,0.6033827135984318
real,1.8287993853197249,0.6086880098711109
watching,1.817008279565285,0.6112407563820241
raise,1.814515192233607,0.6117813729175552
likely,1.814515192233607,0.6117813729175552
woodward,1.8122747216540498,0.6122674686318981
crowd,1.8018175656513433,0.6145394930022166
phone,1.8003910855134935,0.6148498348850031
bob,1.7933826592385491,0.6163760010544579
citizen,1.7932387170753838,0.6164073709730098
plan,1.7755096784915172,0.6202787497599294
saw,1.7679395472541675,0.6219363750200864
millions,1.7439774682741882,0.6272012605999988
virginia,1.7436595105854922,0.6272713035876281
keithboykin,1.6930970713507822,0.638469563770395
turned,1.6821550144130852,0.6409084049310974
news,1.6786057533652614,0.6417006541416144
believe,1.6491865895395554,0.6482892191236143
endorsing,1.625307744276287,0.6536651697568896
vivekgramaswamy,1.609855402255444,0.6571572436883808
failed,1.5960482499170716,0.660286184169186
school,1.5846003842243812,0.6628865982944103
clip,1.5452266291313845,0.6718720643220277
raised,1.5164432220618864,0.6784804764261223
sense,1.5084860814598204,0.6803131367212623
absolutely,1.4995167100267477,0.6823818779042219
helene,1.4747492646265628,0.6881103281663433
hit,1.4592343183387855,0.6917104737431827
actually,1.4527631290056897,0.6932146835080946
handful,1.4103358435876112,0.7031137505383857
potus,1.3664507375589738,0.7134173588291235
families,1.3613386831833305,0.7146216454484902
beautiful,1.3435136368826819,0.7188271724956874
photo,1.3342344186016688,0.7210202708276259
steve,1.3269187225230936,0.7227511006399019
twitter,1.3265455935801325,0.7228394217264708
chuckcallesto,1.3246086721717194,0.7232979637377903
maybe,1.3197331864515263,0.7244526549765562
chicago1ray,1.2928308771313575,0.7308361556343239
ron,1.2852721097778892,0.7326332956081587
reminder,1.2852721097778892,0.7326332956081587
rhetoric,1.249858568701801,0.741072654816799
hitler,1.2318691514716484,0.7453713556169619
coming,1.2306571163140863,0.7456612470095687
shocking,1.219830812931497,0.7482520984421599
beer,1.2169463221716166,0.7489428189652048
speaks,1.2169463221716166,0.7489428189652048
head,1.2006005953403336,0.7528602676869478
set,1.1693232731433378,0.7603708639798997
accountablegop,1.1671199789669493,0.7609006116295461
needs,1.1613727424011115,0.7622828357954256
murder,1.124876771074871,0.7710723787337812
led,1.124876771074871,0.7710723787337812
tax,1.1237037361153346,0.7713552075838624
outside,1.1096407207179375,0.774747299852988
statement,1.0847551015641679,0.7807554789566816
miller,1.0802346513080956,0.7818475320468011
course,1.0261251924227381,0.7949307800709283
reported,1.0242777697120466,0.7953777324507613
cult,1.0131590695510013,0.7980678929544117
notice,0.9866438822471892,0.8044836980257067
child,0.9565879101296174,0.8117547254821427
lara,0.9246834196236693,0.8194674135912052
november,0.8854638712203845,0.8289342190834498
destroyed,0.8806713565274338,0.8300895716594372
reality,0.8796966553791319,0.8303245018010125
worked,0.8585883615613612,0.8354081033490823
makes,0.8492730555071897,0.8376488293173456
used,0.8257084653851561,0.8433085381776199
teleprompter,0.8014776567519337,0.8491135648119675
seriously,0.7935488886967743,0.8510094239064617
elections,0.7761028439116118,0.8551739593621525
doubt,0.7635211329264704,0.8581708935323411
coup,0.7299460786026081,0.8661387369205605
rest,0.7123816980550097,0.870287856793561
russia,0.701973905816782,0.8727395685276723
pass,0.6905582299653114,0.8754224700627584
point,0.6879169463906043,0.8760422584095231
yesterday,0.6729854819664017,0.8795388807518716
policy,0.6236586692044779,0.8909955407194873
artcandee,0.6151473791064194,0.8929561401734312
taxes,0.6151473791064194,0.8929561401734312
country,0.5827520353094512,0.9003692975101685
speech,0.5590897201404076,0.9057305622954779
headline,0.552446583972249,0.9072269542428331
hear,0.5411988466716662,0.9097513301402582
epstein,0.5389840697170852,0.910247001938566
taking,0.5203145842395989,0.9144062491923033
law,0.4667394220086164,0.9261354383838375
leader,0.4602888156068471,0.9275250383042866
today,0.4505101454313614,0.9296215333257504
future,0.4489858917890213,0.9299472127391223
tarabull808,0.4489858917890213,0.9299472127391223
youtube,0.3765863509415428,0.9450355840261894
disinformation,0.3765863509415428,0.9450355840261894
old,0.3642678225121462,0.9475208622859721
coachella,0.36051167920787636,0.9482734332585762
game,0.2960022696474104,0.9607785837708117
early,0.2412389676967714,0.97067238361454
jojofromjerz,0.1902095658506448,0.9791541167392289
minutes,0.1334323926169062,0.9875436031065378
50,0.06427382052993748,0.995748802873445
follow,0.06400916518469915,0.9957746988344681
economic,0.04874314117273369,0.9971793625746438
